,column,na_values,n_observations,na_percentage
0,idn_servizio_sk,0,26209006,0
1,idn_cliente_sk,0,26209006,0
2,cdc_stato_servizio_calc,11667,26209006,0.044515233
3,fk_cliente_unico,60,26209006,0.000228929
4,idc_id_key_servizio,0,26209006,0
5,idn_sito_sk,0,26209006,0
6,lds_prodotto_listino_2,8011,26209006,0.030565829
7,sds_segmento_new,0,26209006,0
8,idc_id_key_cliente,60,26209006,0.000228929
9,lds_nome_listino,20337,26209006,0.077595465
10,lds_macro_prodotto,8011,26209006,0.030565829
11,idc_id_key_contratto,5119,26209006,0.019531454
12,idn_contratto_sk,5104,26209006,0.019474222
13,cdc_pdr,11998,26209006,0.045778157
14,dta_creazione_att_swp,24306826,26209006,92.74226577
15,sds_commodity,0,26209006,0
16,mds_canale_acquisizione,31822,26209006,0.12141628
17,cdc_rid,0,26209006,0
18,cdc_cap_nrm,12480,26209006,0.04761722
19,lds_categoria_prodotto,0,26209006,0
20,lds_tipo_uso,2043,26209006,0.00779503
21,sds_macro_categoria_ateco,12168854,26209006,46.43004775
22,sds_categoria_ateco_intermedia,12168854,26209006,46.43004775
23,qta_eta_nrm,35465,26209006,0.135316082
24,cdc_residente,0,26209006,0
25,qta_indice_stress_comm_ult_30gg,8190714,26209006,31.25152476
26,qta_indice_contattosita_ult_30gg,8190714,26209006,31.25152476
27,val_fascia_stress,8190714,26209006,31.25152476
28,val_fascia_contattosita,8190714,26209006,31.25152476
29,mds_tipologia_pagamento,0,26209006,0
30,cdc_id_mercato,838827,26209006,3.200529619
31,lds_nazione_nascita,14674258,26209006,55.98937251
32,sds_provincia_fatturazione,12443,26209006,0.047476047
33,sds_provincia_fornitura,12443,26209006,0.047476047
34,sds_regione_fornitura,12443,26209006,0.047476047
35,sds_regione_fatturazione,12443,26209006,0.047476047
36,sds_mat_fatturazione,12443,26209006,0.047476047
37,sds_mat_fornitura,12443,26209006,0.047476047
38,sds_provincia,568087,26209006,2.167525926
39,sds_regione,568087,26209006,2.167525926
40,sds_mat,568087,26209006,2.167525926
41,flc_sesso_nrm,14542906,26209006,55.48820127
42,val_paga_ritardo_max_ciclo_last_6_months,0,26209006,0
43,val_paga_ritardo_mean_ciclo_last_6_months,0,26209006,0
44,val_paga_ritardo_min_ciclo_last_6_months,0,26209006,0
45,val_paga_ritardo_sum_ciclo_last_6_months,0,26209006,0
46,qta_paga_ritardo_ciclo_last_6_months,0,26209006,0
47,val_paga_ritardo_max_ciclo_last_3_months,0,26209006,0
48,val_paga_ritardo_mean_ciclo_last_3_months,0,26209006,0
49,val_paga_ritardo_min_ciclo_last_3_months,0,26209006,0
50,val_paga_ritardo_sum_ciclo_last_3_months,0,26209006,0
51,qta_paga_ritardo_ciclo_last_3_months,0,26209006,0
52,val_paga_ritardo_max_ciclo_last_1_months,0,26209006,0
53,val_paga_ritardo_mean_ciclo_last_1_months,0,26209006,0
54,val_paga_ritardo_min_ciclo_last_1_months,0,26209006,0
55,val_paga_ritardo_sum_ciclo_last_1_months,0,26209006,0
56,qta_paga_ritardo_ciclo_last_1_months,0,26209006,0
57,lds_societa_vendita,0,26209006,0
58,fln_player_forte,0,26209006,0
59,cdc_win_back_m3,0,26209006,0
60,fln_player_forte_win_back,0,26209006,0
61,mds_sottocanale,378506,26209006,1.444182965
62,flc_vas,8656580,26209006,33.02902827
63,qta_cnt_mds_tipologia_attivita_gestione_pagamenti_m1,0,26209006,0
64,qta_cnt_mds_tipologia_attivita_gestione_pagamenti_m3,0,26209006,0
65,qta_cnt_mds_tipologia_attivita_gestione_pagamenti_m6,0,26209006,0
66,qta_cnt_mds_tipologia_attivita_gestione_pagamenti_m9,0,26209006,0
67,qta_cnt_mds_tipologia_attivita_gestione_pagamenti_m12,0,26209006,0
68,val_churn,0,26209006,0
69,val_churn_3_months,0,26209006,0
70,val_comunicazione_swp_1_month,0,26209006,0
71,val_comunicazione_swp_2_months,0,26209006,0
72,val_comunicazione_swp_3_months,0,26209006,0
73,qta_anzianita_servizio,0,26209006,0
74,fln_prima_meta,0,26209006,0
75,fln_rischio_Baby_Churn,0,26209006,0
76,fln_rischio_Pre_Rinnovo,0,26209006,0
77,val_perc_Abitazioni_Residenti,0,26209006,0
78,val_perc_Abitazioni_Vuote,0,26209006,0
79,val_perc_Altri_Tipi_Alloggio,0,26209006,0
80,val_perc_Abitazioni_Non_Residenti,0,26209006,0
81,val_perc_Famiglie_Alloggio_Affitto,0,26209006,0
82,val_perc_Famiglie_Alloggio_Proprieta,0,26209006,0
83,val_perc_Famiglie_Alloggio_Altro,0,26209006,0
84,val_perc_Famiglie_1_Componente,0,26209006,0
85,val_perc_Famiglie_2_Componente,0,26209006,0
86,val_perc_Famiglie_3_Componente,0,26209006,0
87,val_perc_Famiglie_4_Componente,0,26209006,0
88,val_perc_Famiglie_5_Componente,0,26209006,0
89,val_perc_Famiglie_6+_Componente,0,26209006,0
90,val_pop_res_totale,0,26209006,0
91,val_pop_res_totale_15_anni_e_piu_casalinghe,0,26209006,0
92,val_reddito_disponibile,0,26209006,0
93,val_consumi_famiglie,0,26209006,0
94,val_pop_res_totale_15_anni_e_piu_non_appartenente_alle_forze_di_lavoro_nfl,0,26209006,0
95,val_studenti,0,26209006,0
96,val_pop_res_totale_che_si_sposta_giornalmente_nel_comune_dimora_abituale,0,26209006,0
97,val_pop_res_totale_che_si_sposta_giornalmente_fuori_dal_comune_dimora_abituale,0,26209006,0
98,val_totale_istruzione_pesata,0,26209006,0
99,mds_comune,1384342,26209006,5.281932478
100,mds_provincia,896770,26209006,3.421610114
101,mds_land_type,9214835,26209006,35.15904037
102,cdc_cd_censimento,9214835,26209006,35.15904037
103,cdc_istat,12443,26209006,0.047476047
104,cdc_Codice_Regione,14407,26209006,0.054969654
105,cdc_Zona_altimetrica,14407,26209006,0.054969654
106,val_Altitudine_del_centro,14407,26209006,0.054969654
107,fln_Comune_litoraneo,0,26209006,0
108,cdc_Comune_Montano,14407,26209006,0.054969654
109,val_Superficie_territoriale,14407,26209006,0.054969654
110,qta_Grado_di_urbanizzazione,14407,26209006,0.054969654
111,sds_cluster_ele,0,26209006,0
112,sds_cluster_gas,0,26209006,0
113,sds_segmento_fasce,0,26209006,0
114,qta_giorni_ultimo_contatto_inbound,0,26209006,0
115,qta_giorni_ultimo_contatto_outbound,0,26209006,0
116,qta_giorni_ultimo_reclamo,0,26209006,0
117,mds_canale_acqu_fornitura,31822,26209006,0.12141628
118,lds_categoria_uso,23853893,26209006,91.0141079
119,cdc_causale_attivazione,656689,26209006,2.505585294
120,qta_numero_fattura_count_ciclo_last_1_months,0,26209006,0
121,qta_numero_fattura_count_ciclo_last_3_months,0,26209006,0
122,qta_numero_fattura_count_ciclo_last_6_months,0,26209006,0
123,qta_numero_fattura_count_ciclo_last_9_months,0,26209006,0
124,qta_numero_fattura_count_ciclo_last_12_months,0,26209006,0
125,qta_cnt_mds_specifica_adesione_m1,0,26209006,0
126,qta_cnt_mds_specifica_adesione_m3,0,26209006,0
127,qta_cnt_mds_specifica_adesione_m6,0,26209006,0
128,qta_cnt_mds_specifica_adesione_m9,0,26209006,0
129,qta_cnt_mds_specifica_adesione_m12,0,26209006,0
130,qta_cnt_mds_specifica_disdetta_m1,0,26209006,0
131,qta_cnt_mds_specifica_disdetta_m3,0,26209006,0
132,qta_cnt_mds_specifica_disdetta_m6,0,26209006,0
133,qta_cnt_mds_specifica_disdetta_m9,0,26209006,0
134,qta_cnt_mds_specifica_disdetta_m12,0,26209006,0
135,qta_cnt_mds_specifica_other_m1,0,26209006,0
136,qta_cnt_mds_specifica_other_m3,0,26209006,0
137,qta_cnt_mds_specifica_other_m6,0,26209006,0
138,qta_cnt_mds_specifica_other_m9,0,26209006,0
139,qta_cnt_mds_specifica_other_m12,0,26209006,0
140,qta_cnt_mds_specifica_visualizzazione_area_clienti_m1,0,26209006,0
141,qta_cnt_mds_specifica_visualizzazione_area_clienti_m3,0,26209006,0
142,qta_cnt_mds_specifica_visualizzazione_area_clienti_m6,0,26209006,0
143,qta_cnt_mds_specifica_visualizzazione_area_clienti_m9,0,26209006,0
144,qta_cnt_mds_specifica_visualizzazione_area_clienti_m12,0,26209006,0
145,qta_cnt_mds_tipologia_attivita_gestione_clienti_m1,0,26209006,0
146,qta_cnt_mds_tipologia_attivita_gestione_clienti_m3,0,26209006,0
147,qta_cnt_mds_tipologia_attivita_gestione_clienti_m6,0,26209006,0
148,qta_cnt_mds_tipologia_attivita_gestione_clienti_m9,0,26209006,0
149,qta_cnt_mds_tipologia_attivita_gestione_clienti_m12,0,26209006,0
150,qta_cnt_mds_tipologia_attivita_gestione_consumi_m1,0,26209006,0
151,qta_cnt_mds_tipologia_attivita_gestione_consumi_m3,0,26209006,0
152,qta_cnt_mds_tipologia_attivita_gestione_consumi_m6,0,26209006,0
153,qta_cnt_mds_tipologia_attivita_gestione_consumi_m9,0,26209006,0
154,qta_cnt_mds_tipologia_attivita_gestione_consumi_m12,0,26209006,0
155,qta_cnt_mds_tipologia_attivita_other_m1,0,26209006,0
156,qta_cnt_mds_tipologia_attivita_other_m3,0,26209006,0
157,qta_cnt_mds_tipologia_attivita_other_m6,0,26209006,0
158,qta_cnt_mds_tipologia_attivita_other_m9,0,26209006,0
159,qta_cnt_mds_tipologia_attivita_other_m12,0,26209006,0
160,cdc_commodity_attive,0,26209006,0
161,qta_cnt_mds_tipologia_attivita_gestione_bolletta_m1,0,26209006,0
162,qta_cnt_mds_tipologia_attivita_gestione_bolletta_m3,0,26209006,0
163,qta_cnt_mds_tipologia_attivita_gestione_bolletta_m6,0,26209006,0
164,qta_cnt_mds_tipologia_attivita_gestione_bolletta_m9,0,26209006,0
165,qta_cnt_mds_tipologia_attivita_gestione_bolletta_m12,0,26209006,0
166,qta_cnt_mds_tipologia_attivita_gestione_documenti_m1,0,26209006,0
167,qta_cnt_mds_tipologia_attivita_gestione_documenti_m3,0,26209006,0
168,qta_cnt_mds_tipologia_attivita_gestione_documenti_m6,0,26209006,0
169,qta_cnt_mds_tipologia_attivita_gestione_documenti_m9,0,26209006,0
170,qta_cnt_mds_tipologia_attivita_gestione_documenti_m12,0,26209006,0
171,qta_cnt_mds_tipologia_attivita_gestione_comunicazioni_m1,0,26209006,0
172,qta_cnt_mds_tipologia_attivita_gestione_comunicazioni_m3,0,26209006,0
173,qta_cnt_mds_tipologia_attivita_gestione_comunicazioni_m6,0,26209006,0
174,qta_cnt_mds_tipologia_attivita_gestione_comunicazioni_m9,0,26209006,0
175,qta_cnt_mds_tipologia_attivita_gestione_comunicazioni_m12,0,26209006,0
176,val_churn_2_months,0,26209006,0
177,lds_comune_fornitura,12443,26209006,0.047476047
178,cdc_bolletta_web,0,26209006,0
179,cdc_cluster_fattura_last,1037043,26209006,3.95681927
180,fln_primo_contatto_inbound,0,26209006,0
181,cdc_canale_criticita_infra_last_90_days,24927067,26209006,95.10878436
182,fln_criticita_infra_last_90_days,0,26209006,0
183,cdc_motivazione_criticita_infra_last_90_days,24927067,26209006,95.10878436
184,fln_criticita_cross_last_90_days,0,26209006,0
185,cdc_motivazione_criticita_cross_last_90_days,25842563,26209006,98.6018432
186,qta_days_since_last_inbound_contact,0,26209006,0
187,qta_days_since_last_inbound_contact_channel_APP,0,26209006,0
188,qta_days_since_last_inbound_contact_channel_FACE,0,26209006,0
189,qta_days_since_last_inbound_contact_channel_TELEFONICO,0,26209006,0
190,qta_days_since_last_inbound_contact_channel_DOCUMENTALE_COMPLESSO,0,26209006,0
191,qta_days_since_last_inbound_contact_channel_DOCUMENTALE,0,26209006,0
192,qta_days_since_last_inbound_contact_channel_CHAT,0,26209006,0
193,qta_days_since_last_inbound_contact_channel_WEB,0,26209006,0
194,qta_days_since_last_inbound_contact_microcausale_RETTIFICHE_CONSUMI_FATTURAZIONE,0,26209006,0
195,qta_days_since_last_inbound_contact_microcausale_INFORMATIVA,0,26209006,0
196,qta_days_since_last_inbound_contact_microcausale_VOLTURA,0,26209006,0
197,qta_days_since_last_inbound_contact_microcausale_PRIMA_ATTIVAZIONE,0,26209006,0
198,qta_days_since_last_inbound_contact_microcausale_COPIA_DOCUMENTAZIONI,0,26209006,0
199,qta_days_since_last_inbound_contact_microcausale_RIMBORSO_COMPENSAZIONE,0,26209006,0
200,qta_days_since_last_inbound_contact_microcausale_LAVORI_E_MODIFICHE_TECNICHE_POTENZA_TENSIONE,0,26209006,0
201,qta_days_since_last_inbound_contact_microcausale_INFORMATIVA_CREDITO,0,26209006,0
202,qta_days_since_last_inbound_contact_microcausale_DISTACCHI_RIALLACCI,0,26209006,0
203,qta_days_since_last_inbound_contact_microcausale_DISDETTE_E_CESSAZIONI,0,26209006,0
204,qta_days_since_last_inbound_contact_microcausale_GESTIONE_VAS,0,26209006,0
205,qta_days_since_last_inbound_contact_microcausale_AUTOLETTURA,0,26209006,0
206,qta_days_since_last_inbound_contact_microcausale_RIPENSAMENTO_O_DISCONOSCIMENTO,0,26209006,0
207,qta_days_since_last_inbound_contact_microcausale_GESTIONE_FORNITURA,0,26209006,0
208,qta_days_since_last_inbound_contact_microcausale_MODIFICA_ANAGRAFICA_O_DATI_FORNITURA_FATTURAZIONE,0,26209006,0
209,qta_days_since_last_inbound_contact_microcausale_RECLAMI_SCRITTI,0,26209006,0
210,qta_days_since_last_inbound_contact_microcausale_REPEATED_LIST,0,26209006,0
211,qta_days_since_last_inbound_contact_microcausale_INFORMATIVA_CONSUMI_PAGAMENTI,0,26209006,0
212,qta_days_since_last_inbound_contact_microcausale_SWITCH_ATTIVO,0,26209006,0
213,qta_days_since_last_inbound_contact_microcausale_MODALITA_DI_PAGAMENTO,0,26209006,0
214,qta_days_since_last_inbound_contact_microcausale_ALLACCIO_E_ATTIVAZIONE,0,26209006,0
215,qta_days_since_last_inbound_contact_microcausale_VERIFICHE_TECNICHE,0,26209006,0
216,qta_days_since_last_inbound_contact_microcausale_INFORMATIVA_NON_DI_COMPETENZA,0,26209006,0
217,qta_days_since_last_inbound_contact_microcausale_GESTIONE_PRIVACY,0,26209006,0
218,qta_days_since_last_inbound_contact_microcausale_RVC,0,26209006,0
219,qta_days_since_last_inbound_contact_microcausale_PIANO_DI_RIENTRO,0,26209006,0
220,qta_days_since_last_inbound_contact_microcausale_SUBENTRO,0,26209006,0
221,qta_days_since_last_inbound_contact_macrocausale_Causale_non_definita,0,26209006,0
222,qta_days_since_last_inbound_contact_macrocausale_Chiarimenti_su_fatture,0,26209006,0
223,qta_days_since_last_inbound_contact_macrocausale_Chiarimento_su_offerta,0,26209006,0
224,qta_days_since_last_inbound_contact_macrocausale_Credito,0,26209006,0
225,qta_days_since_last_inbound_contact_macrocausale_Esecuzione_lavori,0,26209006,0
226,qta_days_since_last_inbound_contact_macrocausale_Informativa,0,26209006,0
227,qta_days_since_last_inbound_contact_macrocausale_Problemi_in_fase_di_attivazione,0,26209006,0
228,qta_days_since_last_inbound_contact_macrocausale_Reclami_vendita_Privacy,0,26209006,0
229,qta_days_since_last_inbound_contact_macrocausale_Ritardata_esecuzione_subentri_volture_cessazioni_etc,0,26209006,0
230,fln_cliente_response_positiva_last_3_months,0,26209006,0
231,qta_cnt_cliente_response_positiva_last_3_months,0,26209006,0
232,fln_cliente_response_negativa_last_3_months,0,26209006,0
233,qta_cnt_cliente_response_negativa_last_3_months,0,26209006,0
234,fln_cliente_con_response_marketing_utile_last_3_months,0,26209006,0
235,qta_cnt_cliente_con_response_marketing_utile_last_3_months,0,26209006,0
236,fln_cliente_response_competitor_last_3_months,0,26209006,0
237,qta_cnt_flag_response_competitor_last_3_months,0,26209006,0
238,fln_cliente_accetta_proposta_last_3_months,0,26209006,0
239,qta_cnt_cliente_accetta_proposta_last_3_months,0,26209006,0
240,mds_nome_campagna_last_response_marketing_cli,1373579,26209006,5.240866441
241,xds_canale_last_response_marketing_cli,1373579,26209006,5.240866441
242,xds_tipo_azione_campagna_last_response_marketing_cli,1373579,26209006,5.240866441
243,xds_tipologia_azione_last_response_marketing_cli,1373579,26209006,5.240866441
244,qta_days_last_response_marketing_cli,0,26209006,0
245,qta_cnt_campagne_mktg_DEM_OUTBOUND_LOYALTY_PROMOZIONE_last_3_months,0,26209006,0
246,qta_cnt_campagne_mktg_GMC_OUTBOUND_ACQUISITION_DISPOSITIVA_last_3_months,0,26209006,0
247,qta_cnt_campagne_mktg_canale_DEM_last_3_months,0,26209006,0
248,qta_cnt_campagne_mktg_canale_GMC_last_3_months,0,26209006,0
249,qta_cnt_campagne_mktg_orientamento_OUTBOUND_last_3_months,0,26209006,0
250,qta_cnt_campagne_mktg_tipo_azione_campagna_PROMOZIONE_last_3_months,0,26209006,0
251,qta_cnt_campagne_mktg_tipologia_azione_LOYALTY_last_3_months,0,26209006,0
252,qta_cnt_campagne_mktg_APP_OUTBOUND_ACQUISITION_INFORMATIVA_last_3_months,0,26209006,0
253,qta_cnt_campagne_mktg_APP_OUTBOUND_CROSS_SELLING_DISPOSITIVA_last_3_months,0,26209006,0
254,qta_cnt_campagne_mktg_APP_OUTBOUND_LOYALTY_PROMOZIONE_last_3_months,0,26209006,0
255,qta_cnt_campagne_mktg_CS_OUTBOUND_CARING_ALTRO_last_3_months,0,26209006,0
256,qta_cnt_campagne_mktg_CS_OUTBOUND_UP_SELLING_DISPOSITIVA_last_3_months,0,26209006,0
257,qta_cnt_campagne_mktg_DEM_OUTBOUND_ACQUISITION_DISPOSITIVA_last_3_months,0,26209006,0
258,qta_cnt_campagne_mktg_DEM_OUTBOUND_ACQUISITION_INFORMATIVA_last_3_months,0,26209006,0
259,qta_cnt_campagne_mktg_DEM_OUTBOUND_ALTRO_DISPOSITIVA_last_3_months,0,26209006,0
260,qta_cnt_campagne_mktg_DEM_OUTBOUND_ALTRO_INFORMATIVA_last_3_months,0,26209006,0
261,qta_cnt_campagne_mktg_DEM_OUTBOUND_CARING_ALTRO_last_3_months,0,26209006,0
262,qta_cnt_campagne_mktg_DEM_OUTBOUND_CARING_CROSSSELLING_DISPOSITIVA_last_3_months,0,26209006,0
263,qta_cnt_campagne_mktg_DEM_OUTBOUND_CARING_DISPOSITIVA_last_3_months,0,26209006,0
264,qta_cnt_campagne_mktg_DEM_OUTBOUND_CARING_INFORMATIVA_last_3_months,0,26209006,0
265,qta_cnt_campagne_mktg_DEM_OUTBOUND_CARING_PROMOZIONE_last_3_months,0,26209006,0
266,qta_cnt_campagne_mktg_DEM_OUTBOUND_CROSS_SELLING_DISPOSITIVA_last_3_months,0,26209006,0
267,qta_cnt_campagne_mktg_DEM_OUTBOUND_LOYALTY_INFORMATIVA_last_3_months,0,26209006,0
268,qta_cnt_campagne_mktg_DEM_OUTBOUND_UP_SELLING_DISPOSITIVA_last_3_months,0,26209006,0
269,qta_cnt_campagne_mktg_DEM_OUTBOUND_UP_SELLING_INFORMATIVA_last_3_months,0,26209006,0
270,qta_cnt_campagne_mktg_DEM_OUTBOUND_UP_SELLING_TEST_last_3_months,0,26209006,0
271,qta_cnt_campagne_mktg_FATTURA_OUTBOUND_ACQUISITION_DISPOSITIVA_last_3_months,0,26209006,0
272,qta_cnt_campagne_mktg_FATTURA_OUTBOUND_ALTRO_INFORMATIVA_last_3_months,0,26209006,0
273,qta_cnt_campagne_mktg_FATTURA_OUTBOUND_CARING_DISPOSITIVA_last_3_months,0,26209006,0
274,qta_cnt_campagne_mktg_FATTURA_OUTBOUND_CARING_INFORMATIVA_last_3_months,0,26209006,0
275,qta_cnt_campagne_mktg_FATTURA_OUTBOUND_CROSS_SELLING_DISPOSITIVA_last_3_months,0,26209006,0
276,qta_cnt_campagne_mktg_FATTURA_OUTBOUND_CROSS_SELLING_PROMOZIONE_last_3_months,0,26209006,0
277,qta_cnt_campagne_mktg_FATTURA_OUTBOUND_LOYALTY_PROMOZIONE_last_3_months,0,26209006,0
278,qta_cnt_campagne_mktg_FATTURA_OUTBOUND_UP_SELLING_PROMOZIONE_last_3_months,0,26209006,0
279,qta_cnt_campagne_mktg_RDM_OUTBOUND_RICERCHE_DI_MERCATO_ALTRO_last_3_months,0,26209006,0
280,qta_cnt_campagne_mktg_S2S_INBOUND_ACQUISITION_INFORMATIVA_last_3_months,0,26209006,0
281,qta_cnt_campagne_mktg_S2S_INBOUND_CARING_INFORMATIVA_last_3_months,0,26209006,0
282,qta_cnt_campagne_mktg_S2S_INBOUND_CROSS_SELLING_DISPOSITIVA_last_3_months,0,26209006,0
283,qta_cnt_campagne_mktg_S2S_INBOUND_CROSS_SELLING_PROMOZIONE_last_3_months,0,26209006,0
284,qta_cnt_campagne_mktg_S2S_INBOUND_UP_SELLING_DISPOSITIVA_last_3_months,0,26209006,0
285,qta_cnt_campagne_mktg_SMS_OUTBOUND_1TO1_CROSSSELLING_DISPOSITIVA_last_3_months,0,26209006,0
286,qta_cnt_campagne_mktg_SMS_OUTBOUND_ACQUISITION_DISPOSITIVA_last_3_months,0,26209006,0
287,qta_cnt_campagne_mktg_SMS_OUTBOUND_ACQUISITION_INFORMATIVA_last_3_months,0,26209006,0
288,qta_cnt_campagne_mktg_SMS_OUTBOUND_CARING_CROSSSELLING_DISPOSITIVA_last_3_months,0,26209006,0
289,qta_cnt_campagne_mktg_SMS_OUTBOUND_CARING_DISPOSITIVA_last_3_months,0,26209006,0
290,qta_cnt_campagne_mktg_SMS_OUTBOUND_CARING_INFORMATIVA_last_3_months,0,26209006,0
291,qta_cnt_campagne_mktg_SMS_OUTBOUND_CARING_PROMOZIONE_last_3_months,0,26209006,0
292,qta_cnt_campagne_mktg_SMS_OUTBOUND_CROSS_SELLING_DISPOSITIVA_last_3_months,0,26209006,0
293,qta_cnt_campagne_mktg_SMS_OUTBOUND_LOYALTY_INFORMATIVA_last_3_months,0,26209006,0
294,qta_cnt_campagne_mktg_SMS_OUTBOUND_UP_SELLING_DISPOSITIVA_last_3_months,0,26209006,0
295,qta_cnt_campagne_mktg_SMS_OUTBOUND_UP_SELLING_PROMOZIONE_last_3_months,0,26209006,0
296,qta_cnt_campagne_mktg_TLS_OUTBOUND_1TO1_CROSSSELLING_DISPOSITIVA_last_3_months,0,26209006,0
297,qta_cnt_campagne_mktg_TLS_OUTBOUND_ACQUISITION_DISPOSITIVA_last_3_months,0,26209006,0
298,qta_cnt_campagne_mktg_TLS_OUTBOUND_CROSS_SELLING_DISPOSITIVA_last_3_months,0,26209006,0
299,qta_cnt_campagne_mktg_WEB_INBOUND_CARING_INFORMATIVA_last_3_months,0,26209006,0
300,qta_cnt_campagne_mktg_WEB_INBOUND_CROSS_SELLING_DISPOSITIVA_last_3_months,0,26209006,0
301,val_Residenti,0,26209006,0
302,val_Lavoratori,0,26209006,0
303,val_Turisti_totali,0,26209006,0
304,lds_RETE_GAS,9903076,26209006,37.78501176
305,val_QUOTA_TUTELATO,0,26209006,0
306,val_POT_GAS_NETTO,0,26209006,0
307,val_QUOTA_LIBERO,0,26209006,0
308,lds_Cluster_Polis_11_gruppi,9215817,26209006,35.16278717
309,val_Sh_ENEL_GAS,0,26209006,0
310,val_Sh_ENEL_POWER,0,26209006,0
311,val_Idx_Commercio,0,26209006,0
312,val_Negozi_Compr_Mean,0,26209006,0
313,val_Negozi_Loc_Mean,0,26209006,0
314,val_POT_POWER_NETTO,0,26209006,0
315,val_POT_TOTALE,0,26209006,0
316,val_POT_TOTALE_NETTO,0,26209006,0
317,sds_segmento_organizzativo_cliente,0,26209006,0
318,val_consumi_x_max_ciclo_ele_last_6_months,0,26209006,0
319,val_consumi_x_min_ciclo_ele_last_6_months,0,26209006,0
320,val_consumi_x_mean_ciclo_ele_last_6_months,0,26209006,0
321,val_consumi_x_sum_ciclo_ele_last_6_months,0,26209006,0
322,val_importo_addebito_x_sum_ciclo_ele_last_6_months,0,26209006,0
323,val_importo_addebito_x_mean_ciclo_ele_last_6_months,0,26209006,0
324,val_importo_addebito_x_min_ciclo_ele_last_6_months,0,26209006,0
325,val_importo_addebito_x_max_ciclo_ele_last_6_months,0,26209006,0
326,val_totale_pagare_x_sum_ciclo_ele_last_6_months,0,26209006,0
327,val_totale_pagare_x_mean_ciclo_ele_last_6_months,0,26209006,0
328,val_totale_pagare_x_min_ciclo_ele_last_6_months,0,26209006,0
329,val_totale_pagare_x_max_ciclo_ele_last_6_months,0,26209006,0
330,val_consumi_x_max_over_mean_ciclo_ele_last_6_months,0,26209006,0
331,val_consumi_x_min_over_mean_ciclo_ele_last_6_months,0,26209006,0
332,val_importo_addebito_x_max_over_mean_ciclo_ele_last_6_months,0,26209006,0
333,val_totale_pagare_x_min_over_mean_ciclo_ele_last_6_months,0,26209006,0
334,val_totale_pagare_x_max_over_mean_ciclo_ele_last_6_months,0,26209006,0
335,val_importo_addebito_x_min_over_mean_ciclo_ele_last_6_months,0,26209006,0
336,val_consumi_x_max_ciclo_ele_last_3_months,0,26209006,0
337,val_consumi_x_min_ciclo_ele_last_3_months,0,26209006,0
338,val_consumi_x_mean_ciclo_ele_last_3_months,0,26209006,0
339,val_consumi_x_sum_ciclo_ele_last_3_months,0,26209006,0
340,val_importo_addebito_x_sum_ciclo_ele_last_3_months,0,26209006,0
341,val_importo_addebito_x_mean_ciclo_ele_last_3_months,0,26209006,0
342,val_importo_addebito_x_min_ciclo_ele_last_3_months,0,26209006,0
343,val_importo_addebito_x_max_ciclo_ele_last_3_months,0,26209006,0
344,val_totale_pagare_x_sum_ciclo_ele_last_3_months,0,26209006,0
345,val_totale_pagare_x_mean_ciclo_ele_last_3_months,0,26209006,0
346,val_totale_pagare_x_min_ciclo_ele_last_3_months,0,26209006,0
347,val_totale_pagare_x_max_ciclo_ele_last_3_months,0,26209006,0
348,val_consumi_x_max_over_mean_ciclo_ele_last_3_months,0,26209006,0
349,val_consumi_x_min_over_mean_ciclo_ele_last_3_months,0,26209006,0
350,val_importo_addebito_x_max_over_mean_ciclo_ele_last_3_months,0,26209006,0
351,val_totale_pagare_x_min_over_mean_ciclo_ele_last_3_months,0,26209006,0
352,val_totale_pagare_x_max_over_mean_ciclo_ele_last_3_months,0,26209006,0
353,val_importo_addebito_x_min_over_mean_ciclo_ele_last_3_months,0,26209006,0
354,val_consumi_x_max_ciclo_ele_last_1_months,0,26209006,0
355,val_consumi_x_min_ciclo_ele_last_1_months,0,26209006,0
356,val_consumi_x_mean_ciclo_ele_last_1_months,0,26209006,0
357,val_consumi_x_sum_ciclo_ele_last_1_months,0,26209006,0
358,val_importo_addebito_x_sum_ciclo_ele_last_1_months,0,26209006,0
359,val_importo_addebito_x_mean_ciclo_ele_last_1_months,0,26209006,0
360,val_importo_addebito_x_min_ciclo_ele_last_1_months,0,26209006,0
361,val_importo_addebito_x_max_ciclo_ele_last_1_months,0,26209006,0
362,val_totale_pagare_x_sum_ciclo_ele_last_1_months,0,26209006,0
363,val_totale_pagare_x_mean_ciclo_ele_last_1_months,0,26209006,0
364,val_totale_pagare_x_min_ciclo_ele_last_1_months,0,26209006,0
365,val_totale_pagare_x_max_ciclo_ele_last_1_months,0,26209006,0
366,val_consumi_x_max_over_mean_ciclo_ele_last_1_months,0,26209006,0
367,val_consumi_x_min_over_mean_ciclo_ele_last_1_months,0,26209006,0
368,val_importo_addebito_x_max_over_mean_ciclo_ele_last_1_months,0,26209006,0
369,val_totale_pagare_x_min_over_mean_ciclo_ele_last_1_months,0,26209006,0
370,val_totale_pagare_x_max_over_mean_ciclo_ele_last_1_months,0,26209006,0
371,val_importo_addebito_x_min_over_mean_ciclo_ele_last_1_months,0,26209006,0
372,val_consumi_x_max_ciclo_gas_last_6_months,0,26209006,0
373,val_consumi_x_min_ciclo_gas_last_6_months,0,26209006,0
374,val_consumi_x_mean_ciclo_gas_last_6_months,0,26209006,0
375,val_consumi_x_sum_ciclo_gas_last_6_months,0,26209006,0
376,val_importo_addebito_x_sum_ciclo_gas_last_6_months,0,26209006,0
377,val_importo_addebito_x_mean_ciclo_gas_last_6_months,0,26209006,0
378,val_importo_addebito_x_min_ciclo_gas_last_6_months,0,26209006,0
379,val_importo_addebito_x_max_ciclo_gas_last_6_months,0,26209006,0
380,val_totale_pagare_x_sum_ciclo_gas_last_6_months,0,26209006,0
381,val_totale_pagare_x_mean_ciclo_gas_last_6_months,0,26209006,0
382,val_totale_pagare_x_min_ciclo_gas_last_6_months,0,26209006,0
383,val_totale_pagare_x_max_ciclo_gas_last_6_months,0,26209006,0
384,val_consumi_x_max_over_mean_ciclo_gas_last_6_months,0,26209006,0
385,val_consumi_x_min_over_mean_ciclo_gas_last_6_months,0,26209006,0
386,val_importo_addebito_x_max_over_mean_ciclo_gas_last_6_months,0,26209006,0
387,val_totale_pagare_x_min_over_mean_ciclo_gas_last_6_months,0,26209006,0
388,val_totale_pagare_x_max_over_mean_ciclo_gas_last_6_months,0,26209006,0
389,val_importo_addebito_x_min_over_mean_ciclo_gas_last_6_months,0,26209006,0
390,val_consumi_x_max_ciclo_gas_last_3_months,0,26209006,0
391,val_consumi_x_min_ciclo_gas_last_3_months,0,26209006,0
392,val_consumi_x_mean_ciclo_gas_last_3_months,0,26209006,0
393,val_consumi_x_sum_ciclo_gas_last_3_months,0,26209006,0
394,val_importo_addebito_x_sum_ciclo_gas_last_3_months,0,26209006,0
395,val_importo_addebito_x_mean_ciclo_gas_last_3_months,0,26209006,0
396,val_importo_addebito_x_min_ciclo_gas_last_3_months,0,26209006,0
397,val_importo_addebito_x_max_ciclo_gas_last_3_months,0,26209006,0
398,val_totale_pagare_x_sum_ciclo_gas_last_3_months,0,26209006,0
399,val_totale_pagare_x_mean_ciclo_gas_last_3_months,0,26209006,0
400,val_totale_pagare_x_min_ciclo_gas_last_3_months,0,26209006,0
401,val_totale_pagare_x_max_ciclo_gas_last_3_months,0,26209006,0
402,val_consumi_x_max_over_mean_ciclo_gas_last_3_months,0,26209006,0
403,val_consumi_x_min_over_mean_ciclo_gas_last_3_months,0,26209006,0
404,val_importo_addebito_x_max_over_mean_ciclo_gas_last_3_months,0,26209006,0
405,val_totale_pagare_x_min_over_mean_ciclo_gas_last_3_months,0,26209006,0
406,val_totale_pagare_x_max_over_mean_ciclo_gas_last_3_months,0,26209006,0
407,val_importo_addebito_x_min_over_mean_ciclo_gas_last_3_months,0,26209006,0
408,val_consumi_x_max_ciclo_gas_last_1_months,0,26209006,0
409,val_consumi_x_min_ciclo_gas_last_1_months,0,26209006,0
410,val_consumi_x_mean_ciclo_gas_last_1_months,0,26209006,0
411,val_consumi_x_sum_ciclo_gas_last_1_months,0,26209006,0
412,val_importo_addebito_x_sum_ciclo_gas_last_1_months,0,26209006,0
413,val_importo_addebito_x_mean_ciclo_gas_last_1_months,0,26209006,0
414,val_importo_addebito_x_min_ciclo_gas_last_1_months,0,26209006,0
415,val_importo_addebito_x_max_ciclo_gas_last_1_months,0,26209006,0
416,val_totale_pagare_x_sum_ciclo_gas_last_1_months,0,26209006,0
417,val_totale_pagare_x_mean_ciclo_gas_last_1_months,0,26209006,0
418,val_totale_pagare_x_min_ciclo_gas_last_1_months,0,26209006,0
419,val_totale_pagare_x_max_ciclo_gas_last_1_months,0,26209006,0
420,val_consumi_x_max_over_mean_ciclo_gas_last_1_months,0,26209006,0
421,val_consumi_x_min_over_mean_ciclo_gas_last_1_months,0,26209006,0
422,val_importo_addebito_x_max_over_mean_ciclo_gas_last_1_months,0,26209006,0
423,val_totale_pagare_x_min_over_mean_ciclo_gas_last_1_months,0,26209006,0
424,val_totale_pagare_x_max_over_mean_ciclo_gas_last_1_months,0,26209006,0
425,val_importo_addebito_x_min_over_mean_ciclo_gas_last_1_months,0,26209006,0
426,val_totale_pagare_x_last_ciclo,0,26209006,0
427,val_importo_addebito_x_last_ciclo,0,26209006,0
428,val_importo_addebito_x_last,0,26209006,0
429,val_totale_pagare_x_last,0,26209006,0
430,val_totale_pagare_x_last_over_mean,0,26209006,0
431,cdc_power_gas,0,26209006,0
432,qta_cnt_contatti_outbound_all_channel_m1,0,26209006,0
433,qta_cnt_contatti_outbound_all_channel_m3,0,26209006,0
434,qta_cnt_contatti_outbound_all_channel_m6,0,26209006,0
435,qta_cnt_contatti_outbound_all_channel_m9,0,26209006,0
436,qta_cnt_contatti_outbound_all_channel_m12,0,26209006,0
437,qta_cnt_contatti_inbound_all_channel_m1,0,26209006,0
438,qta_cnt_contatti_inbound_all_channel_m3,0,26209006,0
439,qta_cnt_contatti_inbound_all_channel_m6,0,26209006,0
440,qta_cnt_contatti_inbound_all_channel_m9,0,26209006,0
441,qta_cnt_contatti_inbound_all_channel_m12,0,26209006,0
442,qta_cnt_contatti_inbound_totali_last_90_days,0,26209006,0
443,qta_cnt_canale_APP_last_90_days,0,26209006,0
444,qta_cnt_canale_CHAT_last_90_days,0,26209006,0
445,qta_cnt_canale_DOCUMENTALE_last_90_days,0,26209006,0
446,qta_cnt_canale_DOCUMENTALE_COMPLESSO_last_90_days,0,26209006,0
447,qta_cnt_canale_FACE_last_90_days,0,26209006,0
448,qta_cnt_canale_TELEFONICO_last_90_days,0,26209006,0
449,qta_cnt_canale_WEB_last_90_days,0,26209006,0
450,qta_cnt_microcausale_ALLACCIO_E_ATTIVAZIONE_last_90_days,0,26209006,0
451,qta_cnt_microcausale_AUTOLETTURA_last_90_days,0,26209006,0
452,qta_cnt_microcausale_COPIA_DOCUMENTAZIONI_last_90_days,0,26209006,0
453,qta_cnt_microcausale_DISDETTE_E_CESSAZIONI_last_90_days,0,26209006,0
454,qta_cnt_microcausale_DISTACCHI_RIALLACCI_last_90_days,0,26209006,0
455,qta_cnt_microcausale_GESTIONE_FORNITURA_last_90_days,0,26209006,0
456,qta_cnt_microcausale_GESTIONE_PRIVACY_last_90_days,0,26209006,0
457,qta_cnt_microcausale_GESTIONE_VAS_last_90_days,0,26209006,0
458,qta_cnt_microcausale_INFORMATIVA_last_90_days,0,26209006,0
459,qta_cnt_microcausale_INFORMATIVA_CONSUMI_PAGAMENTI_last_90_days,0,26209006,0
460,qta_cnt_microcausale_INFORMATIVA_CREDITO_last_90_days,0,26209006,0
461,qta_cnt_microcausale_INFORMATIVA_NON_DI_COMPETENZA_last_90_days,0,26209006,0
462,qta_cnt_microcausale_LAVORI_E_MODIFICHE_TECNICHE_POTENZA_TENSIONE_last_90_days,0,26209006,0
463,qta_cnt_microcausale_MODALITA_DI_PAGAMENTO_last_90_days,0,26209006,0
464,qta_cnt_microcausale_MODIFICA_ANAGRAFICA_O_DATI_FORNITURA_FATTURAZIONE_last_90_days,0,26209006,0
465,qta_cnt_microcausale_PIANO_DI_RIENTRO_last_90_days,0,26209006,0
466,qta_cnt_microcausale_PRIMA_ATTIVAZIONE_last_90_days,0,26209006,0
467,qta_cnt_microcausale_RECLAMI_SCRITTI_last_90_days,0,26209006,0
468,qta_cnt_microcausale_REPEATED_LIST_last_90_days,0,26209006,0
469,qta_cnt_microcausale_RETTIFICHE_CONSUMI_FATTURAZIONE_last_90_days,0,26209006,0
470,qta_cnt_microcausale_RIMBORSO_COMPENSAZIONE_last_90_days,0,26209006,0
471,qta_cnt_microcausale_RIPENSAMENTO_O_DISCONOSCIMENTO_last_90_days,0,26209006,0
472,qta_cnt_microcausale_RVC_last_90_days,0,26209006,0
473,qta_cnt_microcausale_SUBENTRO_last_90_days,0,26209006,0
474,qta_cnt_microcausale_SWITCH_ATTIVO_last_90_days,0,26209006,0
475,qta_cnt_microcausale_VERIFICHE_TECNICHE_last_90_days,0,26209006,0
476,qta_cnt_microcausale_VOLTURA_last_90_days,0,26209006,0
477,qta_cnt_macrocausale_Chiarimenti_su_fatture_last_90_days,0,26209006,0
478,qta_cnt_macrocausale_Chiarimento_su_offerta_last_90_days,0,26209006,0
479,qta_cnt_macrocausale_Credito_last_90_days,0,26209006,0
480,qta_cnt_macrocausale_Esecuzione_lavori_last_90_days,0,26209006,0
481,qta_cnt_macrocausale_Informativa_last_90_days,0,26209006,0
482,qta_cnt_macrocausale_Problemi_in_fase_di_attivazione_last_90_days,0,26209006,0
483,qta_cnt_macrocausale_Reclami_vendita_Privacy_last_90_days,0,26209006,0
484,qta_cnt_macrocausale_Ritardata_esecuzione_subentri_volture_cessazioni_etc_last_90_days,0,26209006,0
485,qta_frequenza_contatto,0,26209006,0
486,val_potenza_contrattuale,0,26209006,0
487,qta_cnt_mds_tipologia_attivita_gestione_credito_m1,0,26209006,0
488,qta_cnt_mds_tipologia_attivita_gestione_credito_m3,0,26209006,0
489,qta_cnt_mds_tipologia_attivita_gestione_credito_m6,0,26209006,0
490,qta_cnt_mds_tipologia_attivita_gestione_credito_m9,0,26209006,0
491,qta_cnt_mds_tipologia_attivita_gestione_credito_m12,0,26209006,0
492,fln_cell_m0_mono_flag,0,26209006,0
493,qta_cnt_mds_tipologia_attivita_gestione_notifiche_m1,0,26209006,0
494,qta_cnt_mds_tipologia_attivita_gestione_notifiche_m3,0,26209006,0
495,qta_cnt_mds_tipologia_attivita_gestione_notifiche_m6,0,26209006,0
496,qta_cnt_mds_tipologia_attivita_gestione_notifiche_m9,0,26209006,0
497,qta_cnt_mds_tipologia_attivita_gestione_notifiche_m12,0,26209006,0
498,dta_cessazione,23948969,26209006,91.3768687
499,fk_idn_audit_programma,0,26209006,0
500,dta_attivazione,0,26209006,0
501,dta_t0,0,26209006,0
502,qta_servizi_gas,0,26209006,0
503,qta_servizi_elettrici,0,26209006,0
504,val_rimborsi_mean_ciclo_last_3_months,0,26209006,0
505,qta_cnt_reclami_last_month,0,26209006,0
506,qta_cnt_attivita_allaccio_servizi_last_3_months,0,26209006,0
507,qta_cnt_attivita_analisi_fatturato_situazione_contabile_last_3_months,0,26209006,0
508,qta_cnt_attivita_autoletture_last_3_months,0,26209006,0
509,qta_cnt_attivita_blacklist_last_3_months,0,26209006,0
510,qta_cnt_attivita_bolletta_fatturazione_last_3_months,0,26209006,0
511,qta_cnt_attivita_bye_bye_letter_last_3_months,0,26209006,0
512,qta_cnt_attivita_comunicazione_SWP_last_3_months,0,26209006,0
513,qta_cnt_attivita_contratti_last_3_months,0,26209006,0
514,qta_cnt_attivita_credito_last_3_months,0,26209006,0
515,qta_cnt_attivita_dl_piano_casa_last_3_months,0,26209006,0
516,qta_cnt_attivita_dati_catastali_last_3_months,0,26209006,0
517,qta_cnt_attivita_delibera_147_last_3_months,0,26209006,0
518,qta_cnt_attivita_fattura_mancata_ritardata_last_3_months,0,26209006,0
519,qta_cnt_attivita_gestione_clienti_last_3_months,0,26209006,0
520,qta_cnt_attivita_indennizzo_last_3_months,0,26209006,0
521,qta_cnt_attivita_invio_WL_pesante_last_3_months,0,26209006,0
522,qta_cnt_attivita_lavori_rete_last_3_months,0,26209006,0
523,qta_cnt_attivita_modifiche_variazioni_last_3_months,0,26209006,0
524,qta_cnt_attivita_morosita_last_3_months,0,26209006,0
525,qta_cnt_attivita_pagamenti_metodi_pagamento_last_3_months,0,26209006,0
526,qta_cnt_attivita_posta_documenti_last_3_months,0,26209006,0
527,qta_cnt_attivita_processi_richieste_suggello_recesso_voltura_last_3_months,0,26209006,0
528,qta_cnt_attivita_recesso_suggello_voltura_mancata_ritardata_last_3_months,0,26209006,0
529,qta_cnt_attivita_reclamo_last_3_months,0,26209006,0
530,qta_cnt_attivita_ricezione_invio_documentazione_last_3_months,0,26209006,0
531,qta_cnt_attivita_richiesta_informazioni_last_3_months,0,26209006,0
532,qta_cnt_attivita_ripensamento_last_3_months,0,26209006,0
533,qta_cnt_attivita_secondo_livello_last_3_months,0,26209006,0
534,qta_cnt_attivita_sito_web_chat_last_3_months,0,26209006,0
535,qta_cnt_attivita_sollecito_last_3_months,0,26209006,0
536,qta_cnt_attivita_telefonate_gestione_credito_last_3_months,0,26209006,0
537,qta_cnt_attivita_vas_last_3_months,0,26209006,0
538,qta_cnt_attivita_vocal_last_3_months,0,26209006,0
539,fln_scarti_trasporto_last_1_months,0,26209006,0
540,fln_scarti_sap_sd_last_1_months,0,26209006,0
541,fln_scarti_sempre_sap_last_1_months,0,26209006,0
542,fln_scarti_sdd_rid_last_1_months,0,26209006,0
543,cdc_livello_sollecito_last_diffida_cli,19749603,26209006,75.35426181
544,sds_descr_canale_altern_soll_elaborato_last_diffida_cli,19749603,26209006,75.35426181
545,cdc_procedura_sollecito_last_diffida_cli,19749603,26209006,75.35426181
546,sds_descr_canale_altern_soll_elaborato_last_sollecito_cli,18553679,26209006,70.79123489
547,cdc_procedura_sollecito_last_sollecito_cli,18553679,26209006,70.79123489
548,qta_days_diff_diffida_fattura_cli,0,26209006,0
549,qta_days_last_diffida_cli,0,26209006,0
550,qta_days_diff_sollecito_fattura_cli,0,26209006,0
551,qta_days_last_sollecito_cli,0,26209006,0
552,val_totale_pagare_last_diffida_cli,0,26209006,0
553,val_totale_pagare_last_sollecito_cli,0,26209006,0
554,qta_cnt_solleciti_livello_01_cli,0,26209006,0
555,qta_cnt_sms_cli,0,26209006,0
556,qta_cnt_mail_di_sollecito_cli,0,26209006,0
557,qta_cnt_diffida_procedura_M1_cli,0,26209006,0
558,qta_cnt_sollecito_cartaceo_cli,0,26209006,0
559,qta_cnt_diffida_procedura_M3_cli,0,26209006,0
560,fln_sollecito_last_2_months_cli,0,26209006,0
561,qta_cnt_sollecito_procedura_M2_cli,0,26209006,0
562,qta_cnt_sollecito_procedura_M1_cli,0,26209006,0
563,qta_cnt_diffida_procedura_M4_cli,0,26209006,0
564,qta_cnt_sollecito_procedura_M0_cli,0,26209006,0
565,qta_cnt_diffida_procedura_M2_cli,0,26209006,0
566,fln_diffida_last_2_months_cli,0,26209006,0
567,qta_cnt_diffida_cartacea_cli,0,26209006,0
568,qta_cnt_diffide_livello_02_cli,0,26209006,0
569,qta_cnt_diffida_cartacea_serv,0,26209006,0
570,fln_diffida_last_2_months_serv,0,26209006,0
571,fln_sollecito_last_2_months_serv,0,26209006,0
572,val_mean_days_scadenza_fattura_pagamento_servizio_last_6_months_canale_ALL,0,26209006,0
573,val_mean_fattura_non_pagata_servizio_last_6_months_canale_ALL,0,26209006,0
574,fln_fattura_pagata_non_totalmente_servizio_last_6_months_canale_ALL,0,26209006,0
575,fln_fattura_non_pagata_servizio_last_6_months_canale_ALL,0,26209006,0
576,qta_max_days_emissione_fattura_pagamento_servizio_last_6_months_canale_ALL,0,26209006,0
577,val_mean_fattura_pagata_totalmente_nei_tempi_servizio_last_6_months_canale_ALL,0,26209006,0
578,val_mean_fattura_pagata_non_totalmente_servizio_last_6_months_canale_ALL,0,26209006,0
579,val_mean_fattura_pagata_totalmente_in_ritardo_servizio_last_6_months_canale_ALL,0,26209006,0
580,val_mean_days_emissione_fattura_pagamento_servizio_last_6_months_canale_ALL,0,26209006,0
581,qta_cnt_fattura_non_pagata_servizio_last_6_months_canale_ALL,0,26209006,0
582,qta_max_days_scadenza_fattura_pagamento_servizio_last_6_months_canale_ALL,0,26209006,0
583,qta_cnt_fattura_pagata_non_totalmente_servizio_last_6_months_canale_ALL,0,26209006,0
584,fln_fattura_pagata_totalmente_in_ritardo_servizio_last_6_months_canale_ALL,0,26209006,0
585,fln_fattura_pagata_totalmente_nei_tempi_servizio_last_6_months_canale_ALL,0,26209006,0
586,qta_cnt_fattura_pagata_totalmente_in_ritardo_servizio_last_6_months_canale_ALL,0,26209006,0
587,qta_cnt_fattura_pagata_totalmente_nei_tempi_servizio_last_6_months_canale_ALL,0,26209006,0
588,val_max_val_fattura_non_pagato_servizio_last_6_months_canale_ALL,0,26209006,0
589,val_mean_val_fattura_non_pagato_servizio_last_6_months_canale_ALL,0,26209006,0
590,val_max_val_fattura_non_pagato_servizio_last_3_months_canale_ALL,0,26209006,0
591,val_mean_days_emissione_fattura_pagamento_servizio_last_3_months_canale_ALL,0,26209006,0
592,val_mean_days_scadenza_fattura_pagamento_servizio_last_3_months_canale_ALL,0,26209006,0
593,val_mean_fattura_non_pagata_servizio_last_3_months_canale_ALL,0,26209006,0
594,val_mean_fattura_pagata_non_totalmente_servizio_last_3_months_canale_ALL,0,26209006,0
595,val_mean_fattura_pagata_totalmente_in_ritardo_servizio_last_3_months_canale_ALL,0,26209006,0
596,val_mean_fattura_pagata_totalmente_nei_tempi_servizio_last_3_months_canale_ALL,0,26209006,0
597,val_mean_val_fattura_non_pagato_servizio_last_3_months_canale_ALL,0,26209006,0
598,qta_max_days_emissione_fattura_pagamento_servizio_last_3_months_canale_ALL,0,26209006,0
599,qta_max_days_scadenza_fattura_pagamento_servizio_last_3_months_canale_ALL,0,26209006,0
600,qta_cnt_fattura_non_pagata_servizio_last_3_months_canale_ALL,0,26209006,0
601,qta_cnt_fattura_pagata_non_totalmente_servizio_last_3_months_canale_ALL,0,26209006,0
602,qta_cnt_fattura_pagata_totalmente_in_ritardo_servizio_last_3_months_canale_ALL,0,26209006,0
603,qta_cnt_fattura_pagata_totalmente_nei_tempi_servizio_last_3_months_canale_ALL,0,26209006,0
604,qta_mesi_bw,0,26209006,0
605,fln_bolletta_web_attiva,0,26209006,0
606,fln_venditore_mercato_libero_gas_comune_METANO_NORD_SPA,0,26209006,0
607,fln_stesso_venditore_distributore_gas,0,26209006,0
608,fln_venditore_mercato_libero_gas_comune_EVOLVE_SRL,0,26209006,0
609,fln_venditore_mercato_libero_gas_comune_BURGO_GROUP,2255,26209006,0.008603913
610,fln_venditore_mercato_libero_gas_comune_Gruppo_Canarbino,14561022,26209006,55.55732255
611,fln_venditore_mercato_libero_gas_comune_Gas_Rimini,727129,26209006,2.774347871
612,fln_venditore_mercato_libero_gas_comune_Dolomiti_Energia,0,26209006,0
613,qta_cnt_venditori_mercato_libero_gas_comune,0,26209006,0
614,fln_distributore_gas_comune_Italgas,169813,26209006,0.647918506
615,fln_distributore_gas_comune_2i_Rete_Gas_SpA,29021,26209006,0.110729113
616,fln_venditore_mercato_libero_gas_comune_AIMAG,3030319,26209006,11.56212868
617,fln_venditore_mercato_libero_gas_comune_HERA,4073283,26209006,15.54153942
618,qta_cnt_comuni_serviti_distributore_gas,0,26209006,0
619,fln_venditore_mercato_libero_ele_comune_Gas_Rimini,182215,26209006,0.695238118
620,qta_cnt_competitor_forti_enel_venditore_mercato_libero_ele,0,26209006,0
621,qta_cnt_competitor_forti_enel_venditore_mercato_libero_gas,0,26209006,0
622,qta_cnt_venditori_mercato_libero_ele_comune,0,26209006,0
623,fln_venditore_mercato_libero_gas_comune_Unogas,11752245,26209006,44.84048346
624,fln_distributore_energia_big,0,26209006,0
625,fln_distributore_energia_comune_A2A,0,26209006,0
626,fln_distributore_energia_comune_ASTEA_SPA,0,26209006,0
627,fln_distributore_energia_comune_Acea,0,26209006,0
628,fln_distributore_energia_comune_Alperia,0,26209006,0
629,fln_distributore_energia_comune_Dolomiti_Energia,0,26209006,0
630,fln_distributore_energia_comune_ENEL,40385,26209006,0.154088255
631,fln_distributore_energia_comune_HERA,0,26209006,0
632,fln_distributore_energia_comune_IREN,0,26209006,0
633,fln_distributore_energia_comune_municipalizzata,0,26209006,0
634,fln_distributore_energia_enel,0,26209006,0
635,fln_distributore_gas_big,0,26209006,0
636,fln_distributore_gas_comune_A2A,504,26209006,0.001923003
637,fln_distributore_gas_comune_Alperia,0,26209006,0
638,fln_distributore_gas_comune_Dolomiti_Energia,0,26209006,0
639,fln_distributore_gas_comune_EDISON,0,26209006,0
640,fln_distributore_gas_comune_HERA,15307,26209006,0.058403588
641,fln_distributore_gas_comune_IREN,7485,26209006,0.028558885
642,fln_distributore_gas_comune_municipalizzata,0,26209006,0
643,fln_multi_distributore_energia_comune,0,26209006,0
644,fln_multi_distributore_gas_comune,0,26209006,0
645,fln_multi_venditori_mercato_libero_ele_comune,0,26209006,0
646,fln_multi_venditori_mercato_libero_gas_comune,0,26209006,0
647,fln_stesso_distributore_gas_ele,0,26209006,0
648,fln_stesso_venditore_distributore_ele,0,26209006,0
649,fln_stesso_venditore_distributore_ele_no_enel,0,26209006,0
650,fln_venditore_mercato_libero_ele_big,0,26209006,0
651,fln_venditore_mercato_libero_ele_comune_A2A,233128,26209006,0.889495771
652,fln_venditore_mercato_libero_ele_comune_Acea,808934,26209006,3.086473405
653,fln_venditore_mercato_libero_ele_comune_Alperia,36771,26209006,0.140299102
654,fln_venditore_mercato_libero_ele_comune_Axpo_Group,0,26209006,0
655,fln_venditore_mercato_libero_ele_comune_Dolomiti_Energia,0,26209006,0
656,fln_venditore_mercato_libero_ele_comune_EDISON,1139657,26209006,4.348341177
657,fln_venditore_mercato_libero_ele_comune_ENEGAN,641767,26209006,2.448650666
658,fln_venditore_mercato_libero_ele_comune_ENEL,42301,26209006,0.161398719
659,fln_venditore_mercato_libero_ele_comune_ENGIE,0,26209006,0
660,fln_venditore_mercato_libero_ele_comune_ENI,30034,26209006,0.114594197
661,fln_venditore_mercato_libero_ele_comune_EOn,30996,26209006,0.118264691
662,fln_venditore_mercato_libero_ele_comune_Gruppo_Canarbino,3650560,26209006,13.92864727
663,fln_venditore_mercato_libero_ele_comune_HERA,3906322,26209006,14.90450267
664,fln_venditore_mercato_libero_ele_comune_IREN,2056191,26209006,7.845360484
665,fln_venditore_mercato_libero_ele_comune_Unogas,8850681,26209006,33.76961721
666,fln_venditore_mercato_libero_ele_comune_sorgenia,0,26209006,0
667,fln_venditore_mercato_libero_ele_enel,0,26209006,0
668,fln_venditore_mercato_libero_ele_only_small,0,26209006,0
669,fln_venditore_mercato_libero_gas_big,0,26209006,0
670,fln_venditore_mercato_libero_gas_comune_A2A,504668,26209006,1.92555185
671,fln_venditore_mercato_libero_gas_comune_Acea,1145408,26209006,4.370284016
672,fln_venditore_mercato_libero_gas_comune_Alperia,185401,26209006,0.707394245
673,fln_venditore_mercato_libero_gas_comune_Axpo_Group,29446,26209006,0.112350693
674,fln_venditore_mercato_libero_gas_comune_EDISON,2110815,26209006,8.053777392
675,fln_venditore_mercato_libero_gas_comune_ENEGAN,356,26209006,0.001358312
676,fln_venditore_mercato_libero_gas_comune_ENEL,592908,26209006,2.262230014
677,fln_venditore_mercato_libero_gas_comune_ENGIE,34535,26209006,0.131767683
678,fln_venditore_mercato_libero_gas_comune_ENI,5638310,26209006,21.51287233
679,fln_venditore_mercato_libero_gas_comune_EOn,30996,26209006,0.118264691
680,fln_venditore_mercato_libero_gas_comune_Green_Network,0,26209006,0
681,fln_venditore_mercato_libero_gas_comune_IREN,2386485,26209006,9.105591414
682,fln_venditore_mercato_libero_gas_enel,0,26209006,0
683,fln_venditore_mercato_libero_gas_only_small,0,26209006,0
684,qta_cnt_comuni_serviti_distributore_energia,0,26209006,0
685,qta_cnt_distributori_energia_comune,0,26209006,0
686,qta_cnt_distributori_gas_comune,0,26209006,0
687,val_Cliente_con_servizio_cessato,0,26209006,0
688,val_Cliente_con_servizio_cessato_last_1_months,0,26209006,0
689,val_Cliente_con_servizio_cessato_last_3_months,0,26209006,0
690,val_Cliente_con_servizio_cessato_last_6_months,0,26209006,0
691,val_Cliente_con_comunicazione_swp_storico,0,26209006,0
692,val_Cliente_con_comunicazione_swp_storico_last_1_months,0,26209006,0
693,val_Cliente_con_comunicazione_swp_storico_last_3_months,0,26209006,0
694,val_Cliente_con_comunicazione_swp_storico_last_6_months,0,26209006,0
695,qta_cnt_fln_contatti_inbound_reclamo_m1,0,26209006,0
696,qta_cnt_fln_contatti_inbound_guasti_m1,0,26209006,0
697,qta_cnt_fln_contatti_inbound_autolet_m1,0,26209006,0
698,qta_cnt_fln_contatti_inbound_m1,0,26209006,0
699,qta_cnt_fln_chiamate_inbound_m1,0,26209006,0
700,qta_cnt_fln_contatti_inbound_reclamo_m3,0,26209006,0
701,qta_cnt_fln_contatti_inbound_guasti_m3,0,26209006,0
702,qta_cnt_fln_contatti_inbound_autolet_m3,0,26209006,0
703,qta_cnt_fln_contatti_inbound_m3,0,26209006,0
704,qta_cnt_fln_chiamate_inbound_m3,0,26209006,0
705,qta_cnt_fln_contatti_inbound_reclamo_m6,0,26209006,0
706,qta_cnt_fln_contatti_inbound_guasti_m6,0,26209006,0
707,qta_cnt_fln_contatti_inbound_autolet_m6,0,26209006,0
708,qta_cnt_fln_contatti_inbound_m6,0,26209006,0
709,qta_cnt_fln_chiamate_inbound_m6,0,26209006,0
710,qta_cnt_fln_contatti_inbound_reclamo_m9,0,26209006,0
711,qta_cnt_fln_contatti_inbound_guasti_m9,0,26209006,0
712,qta_cnt_fln_contatti_inbound_autolet_m9,0,26209006,0
713,qta_cnt_fln_contatti_inbound_m9,0,26209006,0
714,qta_cnt_fln_chiamate_inbound_m9,0,26209006,0
715,qta_cnt_fln_contatti_inbound_reclamo_m12,0,26209006,0
716,qta_cnt_fln_contatti_inbound_guasti_m12,0,26209006,0
717,qta_cnt_fln_contatti_inbound_autolet_m12,0,26209006,0
718,qta_cnt_fln_contatti_inbound_m12,0,26209006,0
719,qta_cnt_fln_chiamate_inbound_m12,0,26209006,0
720,fln_enelpremia_flag,0,26209006,0
721,val_punti_avg_m1,26209006,26209006,100
722,val_punti_delta_m3,26209006,26209006,100
723,val_punti_avg_m3,26209006,26209006,100
724,val_punti_min_m3,26209006,26209006,100
725,val_punti_max_m3,26209006,26209006,100
726,val_punti_delta_m9,26209006,26209006,100
727,val_punti_avg_m9,26209006,26209006,100
728,val_punti_min_m9,26209006,26209006,100
729,val_punti_max_m9,26209006,26209006,100
730,cdc_tenure_bucket,0,26209006,0
731,cdn_cv2_servizio,456780,26209006,1.742836031
732,dta_foto_bi,440144,26209006,1.679361667
733,cdc_cv_fasce_servizio,440144,26209006,1.679361667
734,cdc_cv_fasce_cliente,26209006,26209006,100
735,cdn_cv2_cliente,373993,26209006,1.426963693
736,cdc_tenure_bucket_cliente,0,26209006,0
737,fln_distacco_last_2_months,0,26209006,0
738,qta_cnt_distacchi_last_2_months,0,26209006,0
739,fln_riallaccio_last_2_months,0,26209006,0
740,qta_cnt_riallaccio_last_2_months,0,26209006,0
741,fln_servizio_attualmente_distaccato,0,26209006,0
742,fln_servizio_distaccato_e_riallacciato,0,26209006,0
743,qta_days_servizio_attualmente_distaccato,0,26209006,0
744,qta_days_servizio_riallacciato,0,26209006,0
745,fln_comunicazione_rinnovo_last_1_months,0,26209006,0
746,fln_comunicazione_rinnovo_last_1_months_sottocanale_CARTACEO,0,26209006,0
747,fln_comunicazione_rinnovo_last_1_months_sottocanale_FATTURA,0,26209006,0
748,fln_comunicazione_rinnovo_last_1_months_sottocanale_PEC,0,26209006,0
749,fln_rinnovo_last_1_months,0,26209006,0
750,fln_rinnovo_last_1_months_tipologia_ADEGUAMENTO,0,26209006,0
751,fln_rinnovo_last_1_months_tipologia_RVC,0,26209006,0
752,val_delta_prezzo_ele_last_1_months,0,26209006,0
753,val_delta_prezzo_gas_last_1_months,0,26209006,0
754,val_delta_prezzo_percentuale_ele_last_1_months,0,26209006,0
755,val_delta_prezzo_percentuale_gas_last_1_months,0,26209006,0
756,qta_days_emissione_fattura_pagamento_servizio_ultima_bolletta_emessa_canale_ALL,0,26209006,0
757,qta_days_incasso_fattura_today_servizio_ultima_bolletta_emessa_canale_ALL,0,26209006,0
758,qta_days_scadenza_fattura_pagamento_servizio_ultima_bolletta_emessa_canale_ALL,0,26209006,0
759,fln_fattura_non_pagata_servizio_ultima_bolletta_emessa_canale_ALL,0,26209006,0
760,fln_fattura_pagata_non_totalmente_servizio_ultima_bolletta_emessa_canale_ALL,0,26209006,0
761,fln_fattura_pagata_totalmente_in_ritardo_servizio_ultima_bolletta_emessa_canale_ALL,0,26209006,0
762,fln_fattura_pagata_totalmente_nei_tempi_servizio_ultima_bolletta_emessa_canale_ALL,0,26209006,0
763,val_fattura_non_pagato_servizio_ultima_bolletta_emessa_canale_ALL,0,26209006,0
764,val_fattura_servizio_ultima_bolletta_emessa_canale_ALL,0,26209006,0
765,val_incasso_servizio_ultima_bolletta_emessa_canale_ALL,0,26209006,0
766,idn_run,0,26209006,0
